europeana_id,uri,type,image_url,country,description,title,creator,language,rights,provider,dataset_name,concept,concept_lang,description_lang,title_lang
/9200519/ark__12148_btv1b53143852r,http://data.europeana.eu/item/9200519/ark__12148_btv1b53143852r,TEXT,https://gallica.bnf.fr/iiif/ark:/12148/btv1b53143852r/f1/full/full/0/native.jpg,France,Numérisation effectuée à partir d'un document original.,"Fonds Karin Waehner (1926-1999). Cahiers de notes. 1991-2000. « Stage Castillon juillet 1990 / Stage Toulouse Russillo (surtout pédagogie) août 1990 / FDS nov. 90 / Popard déc. 1990, fév. 1991 »","Waehner, Karin (1926-1999). Producteur d'un fonds",fr,http://rightsstatements.org/vocab/NoC-OKLR/1.0/,National Library of France,9200519_Ag_BnF_Gallica_typedoc_manuscrits,http://www.wikidata.org/entity/Q87167,"{'de': 'Manuskript', 'ru': 'Рукопись', 'fi': 'käsikirjoitus', 'pt': 'Manuscrito', 'bg': 'Ръкопис', 'lt': 'Rankraštis', 'lv': 'rokraksts', 'hr': 'rukopis', 'fr': 'Manuscrit', 'hu': 'kézirat', 'sk': 'Rukopis', 'sl': 'rokopis', 'ga': 'Lámhscríbhinn', 'ca': 'Manuscrit', 'sv': 'Handskrift', 'el': 'Χειρόγραφο', 'en': 'Manuscript', 'it': 'manoscritto', 'es': 'Manuscrito', 'et': 'käsikiri', 'eu': 'Eskuizkribu', 'cs': 'rukopis', 'pl': 'Rękopis', 'da': 'håndskrift', 'ro': 'manuscris', 'nl': 'Manuscript'}","{'def': ""Numérisation effectuée à partir d'un document original."", 'en': 'Scanning from an original document.', 'fr': ""Numérisation effectuée à partir d'un document original.""}","{'en': 'Karin Waehner Fund (1926-1999). Notebook. 1991-2000. “Stage Castillon July 1990/Stage Toulouse Russillo (mostly pedagogy) August 1990/FDS nov. 90/Popard déc. 1990, Feb. 1991”', 'fr': 'Fonds Karin Waehner (1926-1999). Cahiers de notes. 1991-2000. « Stage Castillon juillet 1990 / Stage Toulouse Russillo (surtout pédagogie) août 1990 / FDS nov. 90 / Popard déc. 1990, fév. 1991 »'}"
/9200235/download_type_document_docid_474230,http://data.europeana.eu/item/9200235/download_type_document_docid_474230,TEXT,http://www.oapen.org/download?type=document&docid=474230,Netherlands,"There are some strange stories heard in Viennese jazz scene. Already in the second half of the 1950s, two art students, who were in touch with painters like Arnulf Rainer, Friedensreich Hundertwasser and Ernst Fuchs, experimented with free improvisation – years before this music had a name even in the country of its origin, in the USA. Already in 1961, they did their first official concert – which might be not only the first Austrian free jazz concert, but one of the first performances of this music in whole Europe. While running an own gallery between 1959 and 1965 and hosting the whole Viennese art scene, they continued to develop their music. It wasn’t until 1966 that they had their first Viennese concert as “Masters of Unorthodox Jazz” (MoUJ), and, finally, the year 1969 brought a (modest) breaktrough with a scandalized appearance at the Austrian jazz festival at Vienna Konzerthaus and the release of their first record “Overground” – with cover art by Arnulf Rainer. The art scene remained the main audience until the end of the MoUJ in 1975: There were concerts at the Viennese “Museum of 20th century”, there was a second record with a provocative cover by Franz Ringel. Composers like Kurt Schwertsik and Otto M. Zykan showed interest in this unique free improvised music, Austria’s most famous photographer Franz Hubmann took photos, avantgarde filmmaker Kurt Kren used parts of his MoUJ concert-films for his experimental works.Another group, the “Reform Art Unit” (RAU) led by multi-instrumentalist Fritz Novotny until today, took over the torch. They came out of another non-music scene: the so-called “Freundeskreis” (circle of friends) around writer Rolf Schwendter. Partly in touch with the MoUJ, the RAU developed a completely different style of free improvisation, on the one hand inspired by contemporary Austrian composers (Giselher Smekal, Günther Rabl, Mia Zabelka), on the other hand by oriental music: The debut “Darjeeling” (1970) was recorded with Indian sitar player Ram Chandra Mistry. In later years they became aware of their personal connections to twelve-tone composer Josef Matthias Hauer, filling the term of “Viennese school of improvised music” with sonic contents.This work tries to point out the historic chronology of these two groundbreaking but internationally little known groups a) within the context of Austrian jazz history and b) within the context of European free jazz, which is called the movement of double liberation, due to the fact that many improvisers of the Old World for the first time stopped imitating American musicians and became aware of their own cultural roots. So this book reveals an unusual perspective on Austrian cultural history after 1945.<p>Seltsame Kauze sollen das gewesen sein. Und ebenso bizarr wie spannend ist vieles, was über sie an Gerüchten und Geschichten kursiert. Zwei sollen Kunststudenten gewesen sein, ein anderer Jazzbassist, wieder ein anderer klassischer Fagottist im Grazer Philharmonischen Orchester. Nebenbei sollen sie schon in den 50er-Jahren frei improvisierten Jazz gespielt haben, wie er anderswo in Europa erst wesentlich später praktiziert wurde - der konservativen österreichischen Musikszene zum Trotz. Dementsprechend hört man von Skandalen, die auf der Tagesordnung gestanden sein sollen. Offenbar auch, weil sich das Anders-Sein der jungen Männer, um die es hier geht, in ihrer Konvertierung zum Islam und später zur Baha'i-Religion manifestierte, was sie in so exotisch-kriegerischen Namen wie Harun Ghulam Barabbas oder Richard Ahmad Pechoc zur Schau trugen.Anekdoten- und mythenumrankt sind die Berichte, die man aus der Frühzeit der Wiener Free-Jazz-Avantgarde vernimmt, die sich im Wesentlichen auf die beiden Formationen der ""Masters of Unorthodox Jazz"" (MoUJ) und der ""Reform Art Unit"" (RAU) reduzieren lässt. Je stärker das retrospektive Bild durch Musiker-Garn, Fehlinformation und Datenmangel verunklart wird, desto sensationslüsterner und phantasievoller blühen Spekulationen und Mutmaßungen über jene erstaunlicherweise nicht einmal besonders weit zurück liegenden Jahre. ""Der Schrecklichste der Schrecken"" titelte etwa 1992 ein Artikel in einer Wiener Kultur-Zeitschrift, in dem Walter Muhammad Malli, das einzige heute noch als Musiker aktive Mitglied der MoUJ, kurz vor der Premiere von Peter Zachs ihm gewidmeten Film-Porträt abgehandelt wurde. Das mit MoUJ und RAU assoziierte Geschichtsbild oszilliert heute zwischen als Topoi zu bezeichnenden Klischeevorstellungen: jener der skurrilen Provokateure, der Scharlatanerie verdächtigen Dilettanten einerseits, sowie der der verkannten, isolierten Avantgardisten, die internationale Entwicklungen antizipierten. Die vorliegende Arbeit bringt Licht in dieses bislang gänzlich unaufgearbeitete Kapitel österreichischer Musikgeschichte. Und wirft in der grundlegenden, kritischen Darstellung der chronologischen Ereignisabfolge über den primären Gegenstand hinaus Schlaglichter auf die österreichische, insbesondere die Wiener Nachkriegskunstszene. Die Chronologie setzt Mitte der 50er Jahre an, als zwei junge Kunststudenten, Schüler sowohl von Carl Unger an der ""Angewandten"" als auch von Albert Paris Gütersloh an der Akademie der bildenden Künste, ihre gemeinsame Begeisterung für den Jazz entdecken und vorerst ausschließlich im privaten Kämmerlein zu experimentieren beginnen. Künstler-Lokale wie die ""Adebar"" und des Café Havelka sind Stamm-Domizile der heranreifenden Maler und Zeichner, die sich u. a. als Assistenten von Arnulf Rainer und Friedensreich Hundertwasser verdingen sowie von Ernst Fuchs gefördert werden, darüber hinaus in flüchtigen Kontakt mit den Exponenten der ""Wiener Gruppe"" kommen (und so Zeugen des 2. ""Literarischen Cabarets"" 1959 werden). 1959 eröffnen die beiden, kaum 20-jährig, in Wien-Landstraße ihre eigene ""Galerie zum Roten Apfel"", in der bis 1965 die gesamte Wiener Szeneprominenz ein und aus geht, und in der neben eigenen Werken jene von Martha Jungwirth, Jürgen Leskowa, Hermann Painitz, Othmar Zechyr, einmal auch von Hermann Nitsch u.v.a. ausgestellt werden. Währenddessen dient die Galerie auch als Zentrum für die kontinuierlich weiter betriebenen musikalischen Versuche. Deren erste öffentliche Präsentation bezeichnenderweise nicht in Wien, sondern im neu gegründeten Grazer Forum Stadtpark stattfindet und auch dort nur wütende Pfiffe von Seiten des Publikums erntet. Erst 1966, als die beiden Galeriebetreiber bereits Aufnahme in die Künstlervereinigung ""Der Kreis"" gefunden haben, können sie und ihre Mitstreiter als ""Masters of Unorthodox Jazz"" in Wien debütieren. Das Jahr 1969 bringt mit einem skandalumwitterten Konzert beim Amateur-Jazzfestival im Wiener Konzerthaus und dem Platten-Erstling ""Overground"" - für dessen Cover-Gestaltung Arnulf Rainer gewonnen werden kann - so etwas wie einen (bescheidenen) Durchbruch. Doch signifikanterweise wird die Musik der MoUJ auch bis zu deren Auflösung 1975 mehr in Künstler- als in Musikerkreisen rezipiert. Statt Jazzclubs dient das Museum des 20. Jahrhunderts als primäre Heimstätte; Komponisten wie Kurt Schwertsik und Otto M. Zykan, der Architekt Günther Feuerstein, Maler wie Alfred Ringel (der das Cover der zweiten und letzten LP gestaltet) zählen zu den Besuchern; Franz Hubmann fotografiert, Kurt Kren filmt und verwendet Sequenzen dieses Materials in einem seiner Experimentalstreifen. Ihren letzten bedeutenden Auftritt absolvieren die ""Masters"" im Oktober 1974 im Rahmen des Musikprotokolls im Steirischen Herbst.Die jüngere ""Reform Art Unit"" besteht unter der Leitung von Multiinstrumentalist Fritz Novotny indessen bis heute fort. Wie der Name indiziert, stellt auch ihr Substrat kein ausschließlich musikalisches dar: Dieses bedeutet vielmehr der Ende der 50er-Jahre entstandene ""Freundeskreis"" um den heute an der Kasseler Gesamthochschule als Professor für Devianzforschung lehrenden Schriftsteller und ""Enzyklopädisten"" Rolf Schwendter (der die Erfahrungen in jenem losen, offenen Interessentennetzwerk später zu seiner 1973 publizierten ""Theorie der Subkultur"" ausarbeitet). Auch in diesem Kreis verkehren später bekannte Persönlichkeiten wie die Literaten Robert Schindel und Thomas Rothschild. In diesem Umfeld entschließt sich Novotny Mitte der 60er Jahre, bis dato unentschieden, ob er seinen lyrischen oder seinen musikalischen Neigungen nachgeben soll, frei improvisierte Musik zu machen. Im Gegensatz zu den ""Masters"", die sich als hermetische, klandestine Gruppe verstehen, ist die RAU ein offenes Forum für Interessierte und dementsprechend von zeitweise starker personeller Fluktuation geprägt. Wiewohl ihre musikalische Ausrichtung einerseits stärker in Richtung sog. ""E-Musik"" (durch die Zusammenarbeit mit Komponisten wie Giselher Smekal, Bruno Liberda, Günther Rabl, später Mia Zabelka), andererseits in Richtung Folklore und orientalische Musik geht (die Debüt-LP ""Darjeeling"" wird mit dem aus Kalkutta stammenden Sitar-Meister Ram Chandra Mistry eingespielt), kommt es dabei auch zu personellen Überlappungen mit den MoUJ. Während Letztere zeit ihres Bestehens keinerlei Ambitionen bezüglich internationaler Anerkennung und Kontakte entwickeln, kooperiert die RAU im Laufe der Jahre auch mit so bedeutenden Granden der improvisierten Musik wie Anthony Braxton, Alexander von Schlippenbach, Evan Parker oder - zuletzt regelmäßig - mit Sunny Murray.Im Text erfolgt die Darstellung der Entwicklung der beiden Formationen und ihrer Nebengruppen vor einem zweifachen kontextuellen Raster: Einerseits dem der österreichischen Jazzgeschichte, zum anderen aber dem des europäischen Free Jazz, dem in der ""Zertrümmerung"" traditioneller Jazz-Normen und der Abwendung vom verpflichtenden amerikanischen Stil-Vorbild die Funktion einer ""doppelten Befreiung"" zugeschrieben wird. Weshalb neben der historiographisch-chronologischen Arbeit insbesondere jenen musikalischen und ästhetischen Ausprägungen besonderes Augen- und Ohrenmerk gilt, durch die eine Besinnung auf die eigenen lokalen oder regionalen Wurzeln und eine Abgrenzung gegenüber amerikanischen Musikern und Praktiken, sprich: eine ""europäische"" Identität, spürbar wird. Angedeutet soll diesbezüglich nur werden, dass die Proklamation einer ""Wiener Schule frei improvisierter Musik"", mit der ""Masters""-Bassist Toni Michlmayr 1969 seine ideelle Verbundenheit zu Leben und Musik Schönbergs, Weberns und Bergs zum Ausdruck bringt, europaweit eine exzeptionelle Erscheinung darstellt. Wie auch der Umstand, dass die RAU diesen Terminus Jahrzehnte später aufgreift und tatsächlich mit musikalischem Inhalt füllt - nicht zufällig in einer Zeit, als sich einige ihrer langjährigen Mitglieder ihrer Prägung durch die Zwölftonspiel-Lehre Josef Matthias Hauers bewusst werden, die sie als dessen ""Enkelschüler"" in ihrer Jugend erfahren haben. Diese Zusammenhänge zwischen afroamerikanischer musikalischer Inspiration und der Reflexion eigener kultureller Traditionen, zwischen instrumentalem und bildnerischem Schaffen, wird hier breiter Raum gewidmet. Aufgrund der schlechten Quellenlage wurde das historische Basismaterial in einer langen Serie von Oral history-Interviews erarbeitet. Nach kritischer Prüfung direkt in den Text interpoliert, verlebendigen diese einen aus ungewöhnlicher (Jazz-)Perspektive gestalteten Beitrag zur österreichischen Kulturgeschichte nach 1945.",Die Wiener Free-Jazz-Avantgarde: Revolution im Hinterzimmer,"Felber ,Andreas",en,http://creativecommons.org/licenses/by-nc-nd/4.0/,Open Access Publishing in European Networks Foundation,9200235_DOAB_OAPEN_Foundation_eCloud,http://data.europeana.eu/concept/401,"{'de': 'Jazz', 'fi': 'Free jazz', 'ru': 'Авангардный джаз', 'pt': 'Free jazz', 'bg': 'Джаз', 'lt': 'Džiazas', 'hr': 'Free jazz', 'lv': 'Džezs', 'fr': 'Free jazz', 'hu': 'Free jazz', 'sk': 'Džez', 'sl': 'Jazz', 'ga': 'Snagcheol', 'ca': 'Jazz', 'sv': 'Frijazz', 'el': 'Τζαζ', 'mt': 'Jazz', 'en': 'Free jazz', 'it': 'Free jazz', 'es': 'Free jazz', 'et': 'Free jazz', 'eu': 'Jazz', 'cs': 'Free jazz', 'pl': 'Free jazz', 'da': 'Free jazz', 'ro': 'Jazz', 'nl': 'Free jazz'}","{'def': 'There are some strange stories heard in Viennese jazz scene. Already in the second half of the 1950s, two art students, who were in touch with painters like Arnulf Rainer, Friedensreich Hundertwasser and Ernst Fuchs, experimented with free improvisation – years before this music had a name even in the country of its origin, in the USA. Already in 1961, they did their first official concert – which might be not only the first Austrian free jazz concert, but one of the first performances of this music in whole Europe. While running an own gallery between 1959 and 1965 and hosting the whole Viennese art scene, they continued to develop their music. It wasn’t until 1966 that they had their first Viennese concert as “Masters of Unorthodox Jazz” (MoUJ), and, finally, the year 1969 brought a (modest) breaktrough with a scandalized appearance at the Austrian jazz festival at Vienna Konzerthaus and the release of their first record “Overground” – with cover art by Arnulf Rainer. The art scene remained the main audience until the end of the MoUJ in 1975: There were concerts at the Viennese “Museum of 20th century”, there was a second record with a provocative cover by Franz Ringel. Composers like Kurt Schwertsik and Otto M. Zykan showed interest in this unique free improvised music, Austria’s most famous photographer Franz Hubmann took photos, avantgarde filmmaker Kurt Kren used parts of his MoUJ concert-films for his experimental works.Another group, the “Reform Art Unit” (RAU) led by multi-instrumentalist Fritz Novotny until today, took over the torch. They came out of another non-music scene: the so-called “Freundeskreis” (circle of friends) around writer Rolf Schwendter. Partly in touch with the MoUJ, the RAU developed a completely different style of free improvisation, on the one hand inspired by contemporary Austrian composers (Giselher Smekal, Günther Rabl, Mia Zabelka), on the other hand by oriental music: The debut “Darjeeling” (1970) was recorded with Indian sitar player Ram Chandra Mistry. In later years they became aware of their personal connections to twelve-tone composer Josef Matthias Hauer, filling the term of “Viennese school of improvised music” with sonic contents.This work tries to point out the historic chronology of these two groundbreaking but internationally little known groups a) within the context of Austrian jazz history and b) within the context of European free jazz, which is called the movement of double liberation, due to the fact that many improvisers of the Old World for the first time stopped imitating American musicians and became aware of their own cultural roots. So this book reveals an unusual perspective on Austrian cultural history after 1945.<p>Seltsame Kauze sollen das gewesen sein. Und ebenso bizarr wie spannend ist vieles, was über sie an Gerüchten und Geschichten kursiert. Zwei sollen Kunststudenten gewesen sein, ein anderer Jazzbassist, wieder ein anderer klassischer Fagottist im Grazer Philharmonischen Orchester. Nebenbei sollen sie schon in den 50er-Jahren frei improvisierten Jazz gespielt haben, wie er anderswo in Europa erst wesentlich später praktiziert wurde - der konservativen österreichischen Musikszene zum Trotz. Dementsprechend hört man von Skandalen, die auf der Tagesordnung gestanden sein sollen. Offenbar auch, weil sich das Anders-Sein der jungen Männer, um die es hier geht, in ihrer Konvertierung zum Islam und später zur Baha\'i-Religion manifestierte, was sie in so exotisch-kriegerischen Namen wie Harun Ghulam Barabbas oder Richard Ahmad Pechoc zur Schau trugen.Anekdoten- und mythenumrankt sind die Berichte, die man aus der Frühzeit der Wiener Free-Jazz-Avantgarde vernimmt, die sich im Wesentlichen auf die beiden Formationen der ""Masters of Unorthodox Jazz"" (MoUJ) und der ""Reform Art Unit"" (RAU) reduzieren lässt. Je stärker das retrospektive Bild durch Musiker-Garn, Fehlinformation und Datenmangel verunklart wird, desto sensationslüsterner und phantasievoller blühen Spekulationen und Mutmaßungen über jene erstaunlicherweise nicht einmal besonders weit zurück liegenden Jahre. ""Der Schrecklichste der Schrecken"" titelte etwa 1992 ein Artikel in einer Wiener Kultur-Zeitschrift, in dem Walter Muhammad Malli, das einzige heute noch als Musiker aktive Mitglied der MoUJ, kurz vor der Premiere von Peter Zachs ihm gewidmeten Film-Porträt abgehandelt wurde. Das mit MoUJ und RAU assoziierte Geschichtsbild oszilliert heute zwischen als Topoi zu bezeichnenden Klischeevorstellungen: jener der skurrilen Provokateure, der Scharlatanerie verdächtigen Dilettanten einerseits, sowie der der verkannten, isolierten Avantgardisten, die internationale Entwicklungen antizipierten. Die vorliegende Arbeit bringt Licht in dieses bislang gänzlich unaufgearbeitete Kapitel österreichischer Musikgeschichte. Und wirft in der grundlegenden, kritischen Darstellung der chronologischen Ereignisabfolge über den primären Gegenstand hinaus Schlaglichter auf die österreichische, insbesondere die Wiener Nachkriegskunstszene. Die Chronologie setzt Mitte der 50er Jahre an, als zwei junge Kunststudenten, Schüler sowohl von Carl Unger an der ""Angewandten"" als auch von Albert Paris Gütersloh an der Akademie der bildenden Künste, ihre gemeinsame Begeisterung für den Jazz entdecken und vorerst ausschließlich im privaten Kämmerlein zu experimentieren beginnen. Künstler-Lokale wie die ""Adebar"" und des Café Havelka sind Stamm-Domizile der heranreifenden Maler und Zeichner, die sich u. a. als Assistenten von Arnulf Rainer und Friedensreich Hundertwasser verdingen sowie von Ernst Fuchs gefördert werden, darüber hinaus in flüchtigen Kontakt mit den Exponenten der ""Wiener Gruppe"" kommen (und so Zeugen des 2. ""Literarischen Cabarets"" 1959 werden). 1959 eröffnen die beiden, kaum 20-jährig, in Wien-Landstraße ihre eigene ""Galerie zum Roten Apfel"", in der bis 1965 die gesamte Wiener Szeneprominenz ein und aus geht, und in der neben eigenen Werken jene von Martha Jungwirth, Jürgen Leskowa, Hermann Painitz, Othmar Zechyr, einmal auch von Hermann Nitsch u.v.a. ausgestellt werden. Währenddessen dient die Galerie auch als Zentrum für die kontinuierlich weiter betriebenen musikalischen Versuche. Deren erste öffentliche Präsentation bezeichnenderweise nicht in Wien, sondern im neu gegründeten Grazer Forum Stadtpark stattfindet und auch dort nur wütende Pfiffe von Seiten des Publikums erntet. Erst 1966, als die beiden Galeriebetreiber bereits Aufnahme in die Künstlervereinigung ""Der Kreis"" gefunden haben, können sie und ihre Mitstreiter als ""Masters of Unorthodox Jazz"" in Wien debütieren. Das Jahr 1969 bringt mit einem skandalumwitterten Konzert beim Amateur-Jazzfestival im Wiener Konzerthaus und dem Platten-Erstling ""Overground"" - für dessen Cover-Gestaltung Arnulf Rainer gewonnen werden kann - so etwas wie einen (bescheidenen) Durchbruch. Doch signifikanterweise wird die Musik der MoUJ auch bis zu deren Auflösung 1975 mehr in Künstler- als in Musikerkreisen rezipiert. Statt Jazzclubs dient das Museum des 20. Jahrhunderts als primäre Heimstätte; Komponisten wie Kurt Schwertsik und Otto M. Zykan, der Architekt Günther Feuerstein, Maler wie Alfred Ringel (der das Cover der zweiten und letzten LP gestaltet) zählen zu den Besuchern; Franz Hubmann fotografiert, Kurt Kren filmt und verwendet Sequenzen dieses Materials in einem seiner Experimentalstreifen. Ihren letzten bedeutenden Auftritt absolvieren die ""Masters"" im Oktober 1974 im Rahmen des Musikprotokolls im Steirischen Herbst.Die jüngere ""Reform Art Unit"" besteht unter der Leitung von Multiinstrumentalist Fritz Novotny indessen bis heute fort. Wie der Name indiziert, stellt auch ihr Substrat kein ausschließlich musikalisches dar: Dieses bedeutet vielmehr der Ende der 50er-Jahre entstandene ""Freundeskreis"" um den heute an der Kasseler Gesamthochschule als Professor für Devianzforschung lehrenden Schriftsteller und ""Enzyklopädisten"" Rolf Schwendter (der die Erfahrungen in jenem losen, offenen Interessentennetzwerk später zu seiner 1973 publizierten ""Theorie der Subkultur"" ausarbeitet). Auch in diesem Kreis verkehren später bekannte Persönlichkeiten wie die Literaten Robert Schindel und Thomas Rothschild. In diesem Umfeld entschließt sich Novotny Mitte der 60er Jahre, bis dato unentschieden, ob er seinen lyrischen oder seinen musikalischen Neigungen nachgeben soll, frei improvisierte Musik zu machen. Im Gegensatz zu den ""Masters"", die sich als hermetische, klandestine Gruppe verstehen, ist die RAU ein offenes Forum für Interessierte und dementsprechend von zeitweise starker personeller Fluktuation geprägt. Wiewohl ihre musikalische Ausrichtung einerseits stärker in Richtung sog. ""E-Musik"" (durch die Zusammenarbeit mit Komponisten wie Giselher Smekal, Bruno Liberda, Günther Rabl, später Mia Zabelka), andererseits in Richtung Folklore und orientalische Musik geht (die Debüt-LP ""Darjeeling"" wird mit dem aus Kalkutta stammenden Sitar-Meister Ram Chandra Mistry eingespielt), kommt es dabei auch zu personellen Überlappungen mit den MoUJ. Während Letztere zeit ihres Bestehens keinerlei Ambitionen bezüglich internationaler Anerkennung und Kontakte entwickeln, kooperiert die RAU im Laufe der Jahre auch mit so bedeutenden Granden der improvisierten Musik wie Anthony Braxton, Alexander von Schlippenbach, Evan Parker oder - zuletzt regelmäßig - mit Sunny Murray.Im Text erfolgt die Darstellung der Entwicklung der beiden Formationen und ihrer Nebengruppen vor einem zweifachen kontextuellen Raster: Einerseits dem der österreichischen Jazzgeschichte, zum anderen aber dem des europäischen Free Jazz, dem in der ""Zertrümmerung"" traditioneller Jazz-Normen und der Abwendung vom verpflichtenden amerikanischen Stil-Vorbild die Funktion einer ""doppelten Befreiung"" zugeschrieben wird. Weshalb neben der historiographisch-chronologischen Arbeit insbesondere jenen musikalischen und ästhetischen Ausprägungen besonderes Augen- und Ohrenmerk gilt, durch die eine Besinnung auf die eigenen lokalen oder regionalen Wurzeln und eine Abgrenzung gegenüber amerikanischen Musikern und Praktiken, sprich: eine ""europäische"" Identität, spürbar wird. Angedeutet soll diesbezüglich nur werden, dass die Proklamation einer ""Wiener Schule frei improvisierter Musik"", mit der ""Masters""-Bassist Toni Michlmayr 1969 seine ideelle Verbundenheit zu Leben und Musik Schönbergs, Weberns und Bergs zum Ausdruck bringt, europaweit eine exzeptionelle Erscheinung darstellt. Wie auch der Umstand, dass die RAU diesen Terminus Jahrzehnte später aufgreift und tatsächlich mit musikalischem Inhalt füllt - nicht zufällig in einer Zeit, als sich einige ihrer langjährigen Mitglieder ihrer Prägung durch die Zwölftonspiel-Lehre Josef Matthias Hauers bewusst werden, die sie als dessen ""Enkelschüler"" in ihrer Jugend erfahren haben. Diese Zusammenhänge zwischen afroamerikanischer musikalischer Inspiration und der Reflexion eigener kultureller Traditionen, zwischen instrumentalem und bildnerischem Schaffen, wird hier breiter Raum gewidmet. Aufgrund der schlechten Quellenlage wurde das historische Basismaterial in einer langen Serie von Oral history-Interviews erarbeitet. Nach kritischer Prüfung direkt in den Text interpoliert, verlebendigen diese einen aus ungewöhnlicher (Jazz-)Perspektive gestalteten Beitrag zur österreichischen Kulturgeschichte nach 1945.'}",{'def': 'Die Wiener Free-Jazz-Avantgarde: Revolution im Hinterzimmer'}
/9200234/download_type_document_docid_474230,http://data.europeana.eu/item/9200234/download_type_document_docid_474230,TEXT,http://oapen.org/download?type=document&docid=474230,Netherlands,"There are some strange stories heard in Viennese jazz scene. Already in the second half of the 1950s, two art students, who were in touch with painters like Arnulf Rainer, Friedensreich Hundertwasser and Ernst Fuchs, experimented with free improvisation – years before this music had a name even in the country of its origin, in the USA. Already in 1961, they did their first official concert – which might be not only the first Austrian free jazz concert, but one of the first performances of this music in whole Europe. While running an own gallery between 1959 and 1965 and hosting the whole Viennese art scene, they continued to develop their music. It wasn’t until 1966 that they had their first Viennese concert as “Masters of Unorthodox Jazz” (MoUJ), and, finally, the year 1969 brought a (modest) breaktrough with a scandalized appearance at the Austrian jazz festival at Vienna Konzerthaus and the release of their first record “Overground” – with cover art by Arnulf Rainer. The art scene remained the main audience until the end of the MoUJ in 1975: There were concerts at the Viennese “Museum of 20th century”, there was a second record with a provocative cover by Franz Ringel. Composers like Kurt Schwertsik and Otto M. Zykan showed interest in this unique free improvised music, Austria’s most famous photographer Franz Hubmann took photos, avantgarde filmmaker Kurt Kren used parts of his MoUJ concert-films for his experimental works.
Another group, the “Reform Art Unit” (RAU) led by multi-instrumentalist Fritz Novotny until today, took over the torch. They came out of another non-music scene: the so-called “Freundeskreis” (circle of friends) around writer Rolf Schwendter. Partly in touch with the MoUJ, the RAU developed a completely different style of free improvisation, on the one hand inspired by contemporary Austrian composers (Giselher Smekal, Günther Rabl, Mia Zabelka), on the other hand by oriental music: The debut “Darjeeling” (1970) was recorded with Indian sitar player Ram Chandra Mistry. In later years they became aware of their personal connections to twelve-tone composer Josef Matthias Hauer, filling the term of “Viennese school of improvised music” with sonic contents.
This work tries to point out the historic chronology of these two groundbreaking but internationally little known groups a) within the context of Austrian jazz history and b) within the context of European free jazz, which is called the movement of double liberation, due to the fact that many improvisers of the Old World for the first time stopped imitating American musicians and became aware of their own cultural roots. So this book reveals an unusual perspective on Austrian cultural history after 1945.",Die Wiener Free-Jazz-Avantgarde: Revolution im Hinterzimmer,"Felber, Andreas",en,http://creativecommons.org/licenses/by-nc-nd/4.0/,Open Access Publishing in European Networks Foundation,9200234_OAPEN_Foundation_eCloud,,,"{'def': 'There are some strange stories heard in Viennese jazz scene. Already in the second half of the 1950s, two art students, who were in touch with painters like Arnulf Rainer, Friedensreich Hundertwasser and Ernst Fuchs, experimented with free improvisation – years before this music had a name even in the country of its origin, in the USA. Already in 1961, they did their first official concert – which might be not only the first Austrian free jazz concert, but one of the first performances of this music in whole Europe. While running an own gallery between 1959 and 1965 and hosting the whole Viennese art scene, they continued to develop their music. It wasn’t until 1966 that they had their first Viennese concert as “Masters of Unorthodox Jazz” (MoUJ), and, finally, the year 1969 brought a (modest) breaktrough with a scandalized appearance at the Austrian jazz festival at Vienna Konzerthaus and the release of their first record “Overground” – with cover art by Arnulf Rainer. The art scene remained the main audience until the end of the MoUJ in 1975: There were concerts at the Viennese “Museum of 20th century”, there was a second record with a provocative cover by Franz Ringel. Composers like Kurt Schwertsik and Otto M. Zykan showed interest in this unique free improvised music, Austria’s most famous photographer Franz Hubmann took photos, avantgarde filmmaker Kurt Kren used parts of his MoUJ concert-films for his experimental works.\nAnother group, the “Reform Art Unit” (RAU) led by multi-instrumentalist Fritz Novotny until today, took over the torch. They came out of another non-music scene: the so-called “Freundeskreis” (circle of friends) around writer Rolf Schwendter. Partly in touch with the MoUJ, the RAU developed a completely different style of free improvisation, on the one hand inspired by contemporary Austrian composers (Giselher Smekal, Günther Rabl, Mia Zabelka), on the other hand by oriental music: The debut “Darjeeling” (1970) was recorded with Indian sitar player Ram Chandra Mistry. In later years they became aware of their personal connections to twelve-tone composer Josef Matthias Hauer, filling the term of “Viennese school of improvised music” with sonic contents.\nThis work tries to point out the historic chronology of these two groundbreaking but internationally little known groups a) within the context of Austrian jazz history and b) within the context of European free jazz, which is called the movement of double liberation, due to the fact that many improvisers of the Old World for the first time stopped imitating American musicians and became aware of their own cultural roots. So this book reveals an unusual perspective on Austrian cultural history after 1945.'}",{'def': 'Die Wiener Free-Jazz-Avantgarde: Revolution im Hinterzimmer'}
/9200133/https___dr_nsk_hr_islandora_object_ffos_387,http://data.europeana.eu/item/9200133/https___dr_nsk_hr_islandora_object_ffos_387,TEXT,,Croatia,"Prvi dio ovog rada bavi se prikazom društvenog i kulturnog konteksta u kakvom je u Americi nakon II. svjetskog rata došlo do pojave Generacije beatnika i njihove književnosti, koja će se sve do šezdesetih godina 20. stoljeća gusto ispreplitati s popularnom kulturom i glazbom, stvarajući karakterističan fenomen književnosti u beatničkoj perspektivi. Prikazani su književni i filozofski utjecaji na temeljima kojih su beatnici nadograđivali svoje ideje i razvijali vlastite književne izričaje. Posebno uzimajući u obzir optužbe da su beatnički tekstovi neinteligentni i izvan američke književne tradicije, prikazani su njihovi raznovrsni uzori od kojih su crpili inspiraciju često intenzivno promišljajući značajna književna djela i filozofske tekstove, a beatnici su svoja znanja nadograđivali i kroz osobne razgovore s uzorima kao što su Kenneth Rexroth i Williams Carlos Williams.  
Popis beatničkih uzora i teorijskih uporišta zapravo je impresivan i sastoji se od nasljeđa i iskustava koje su oni preuzimali od raznovrsnih izvora. To su pisci radikalnijeg krila Izgubljene generacije – Hart Crane, Harry Crosby i Eugene Jolas – koji su upotrebom narkotika, seksualnom i radikalnom književnom eksperimentiranju te težnjom za doživljavanjem eksteremnih iskustava i stavom o nužnosti društvene pobune, što su beatnici nadogradili još i zanimanjem za metafizička pitanja bili preteče Beat generacije; transcendentalisti kao što su Thoreau, Whitman, Emerson, Melville,  koji su ih ohrabrili slaviti vlastiti individualizam i osobno iskustvo; fenomen hipsterizma i jazz glazbenici; egzistencijalisti od kojih su beatnici preuzeli akcije izazivanja postojećih društvenih struktura, a u kljuĉu egzistencijalizma može se čitati i njihova strastvena želja za življenjem trenutka; Oswald Spengler i njegov tekst Propast zapada koji im je pružio okvir za razvoj vlastitih uvjerenja; bohema i anarhizam,  jer beatnici su prirodni sljednici bohemskih zajednica iz prošlosti; poezija projekcije Charlesa Olsona i teoretičari Black Mountain Collegea, primjerice Duncan i Creely,  koji su njegovali iskustvenu poeziju i formu smatrali nebitnom. Njihove turobne analize beatnici su prilagodili duhovitošću, humorom i jazzom; William Carlos Williams Ginsbergu je odigrao ulogu učitelja i mentora i u svojoj se poeziji koristio proznim uporištima, omogućivši time Ginsbergu pravo nadahnuće; Wilhelm Reich s diskursom seksualnosti u kojem se na seksualni čin gleda kao na spontani, instiktivan čin tijela koji biće oslobađa od ideoloških inhibicija; Paul Goodman od kojeg su beatnici preuzeli ideju sabotiranja američkog načela zbiljnosti srednje klase; nadrealizam, uvid u koji je Ginsbergu omogućio proširiti kapacitet nesvjesnog uma. Korištenje neracionalnih asocijacija 
postupak je koji su beatnici preuzeli od nadrealista; naposljetku, William Blake bio je ključan za Allena Ginsberga na sasvim osebujan, vizionarski način.  
Nakon uzora i teorijskih uporišta, detaljno su raščlanjene temeljne postavke beatničke poetike i prikazane veze s drugim oblicima umjetnosti. U istraživanje je uvršteno sedam beatnika, a analizirajući njihove ključne tekstove namjera je bila potvrditi prethodno donešene zaključke o beatničkim djelima kao korpusu koji unatoč nepostojanju službenog zajedničkog programa ili manifesta sadrži prepoznatljive i ponavljajuće karakteristike. Ključne karakteristike njihove književnosti i filozofije započele su se profilirati raspravama o novoj viziji i novoj svijesti, u okviru kojih su oni ponudili usmjeravanje ka tjelesnosti i novu duhovnost. Time je njihova književnost započela put ka suštinskoj obnovi, ravnoteži i transcendenciji, u srži čega je potraga za identitetom i vizijom.  
Izdvojena su četiri glavna temelja beatničke estetike. To su Kerouacov tekst ""Osnove spontane proze"" s tehnikama skiciranja i struje svijesti; tjelesnost i seksualnost kao najava beatničke pripadnosti ranom postmodernizmu; beatnička poetika izvedbe koja ističe važnost nastupa, usmene improvizacije i performansa. Na tragu Ginsbergova zanimanja za vokalizaciju kao praksu koja će dovesti do inspiracije, izvedba u beatničkom pjesništvu postala je sastavni dio pjesničkog oblika koji više nije sačuvan u tiskanom tekstu i stoga samo oni koji sudjeluju u scenskom prostoru imaju privilegiju u potpunosti shvatiti njihovo pjesništvo. Beatnička čitanja prerastala su tako u prave performanse i razbijala su imaginarni četvrti zid koji odvaja izvođače od publike. Naposljetku, tu je i estetika duhovnosti u smislu ambivalentnog odnosa s organiziranim religijama kao četvrta bitna karakteristika estetike beatničke književnosti. Beatnici su religijska značenja tražili i u najmanje očitim mjestima, tražeći im ujedno i nova moguća značenja, a isticali su se i radikalnim ekumenizmom. Ističe se u okviru njihovih religijskih vizija stanovita dharma poetika koja proizlazi iz budističke psihologije i filozofije, no ne smije se zanemariti niti njihovo sasvim produhovljeno, gotovo religijsko shvaćanje prirode. Oni su kulturne i religijske tradicije često spajali sa znanošću i upravo su beatnici odigrali jednu od ključnih uloga u rastu znanstvenog polja ekologije do razine na kojoj je ona postala predmet zanimanja umjetnosti. 
 Analizom odabranog korpusa književnih ostvarenja izvornih pripadnika Generacije beatnika, pitanja poetike potom su dodatno razrađena, a zaključci potvrđeni konkretnim primjerima. 
Obilježja beatničke književnosti inspirirala su i južnoslavenske autore, a beatnička recepcija u južnoslavenskim književnostima dosad nije bila sustavno obrađivana. Drugi dio disertacije interpretacijom književnih tekstova i metodom kompleksnog istraživanja utjecaja i veza autora Beat generacije s književnim autorima na tlu bivše Jugoslavije, uz detaljniji osvrt na putovanja određenih beatnika u bivšu Jugoslaviju i obrnuto, nekih južnoslavenskih autora u Ameriku, utvrđuje kako su strukturne specifičnosti američkih tekstova preko izvornika i prijevoda prodirale u hrvatsku i druge južnoslavenske književnosti i kulture. Uzet je pritom ponovno u obzir društveni i kulturni kontekst razmatranog vremena. Do kraja pedesetih godina 20. stoljeća pojavili su se prvi prozapadnjački orijentirani pisci, kao što su primjerice krugovaši Šoljan i Slamnig, koji su u neku ruku preteže prvih konkretnih primjera recepcije beatničke književnosti na ovim prostorima.  
U četiri potpoglavlja o recepciji prikazani su primjeri kako se beatnička književnost započela pojavljivati kao intertekst raspršen u simbolima prodora zapadnjačke popularne kulture, glazbe i književnosti. Ova razina recepcije pokazana je na primjerma intertekstualnih relacija Šoljanovih Izdajica i romana Kratki izlet s Kerouacovim romanom Na cesti, ali i poezije Alojza Majetića, koja je žesto na tragu Snyderova duboka poštovanja povezanosti čovjeka i prirode. Omladinski tisak i glazba predstavljaju dodatnu recepciju beatnika posredno, kroz novoliberaliziranu južnoslavensku omladinsku rock kulturu. Zanimljiva je u tom kontekstu serija tekstova Voje Šindolića objavljena u časopisu Džuboks na prijelazu 1977. i 1978. godine pod naslovom ""Mjesta za beat pjesnike"", koja pokazuje da je već tada postojala svijest o tekstualnim relacijama beatnika i južnoslavenskih pjesnika kao što je Arsen Dedić. Rock glazba, također, u svom novovalnom usmjerenju smjestila se na margine društva, realizirajući svoj potencijal iz podzemlja, što je sasvim beatničko okruženje. Beatnici su bili prisutni i u tekstovima pjesama pa ih tako, primjerice, u ""Jablanu"" priziva Branimir Johnny Štulić. Drugo potpoglavlje pruža osvrt na klasičnu recepciju prouzrokovanu prijevodima i kritičkim tekstovima, a u trećem potpoglavlju predstavljena je recepcija nastala kroz neposrednu razmjenu iskustava koja se događala kroz beatnička putovanja u tadašnju Jugoslaviju. Upravo u okviru neposredne razmjene iskustava predstavljena su i dva pomalo zaboravljena južnoslavenska autora koja su se svojim izričajem ponajviše približila beatnicima koje su i osobno poznavali. Riječ je o Milanu Oklopdžću i Voji Šindoliću koji gotovo ostavljaju dojam Ginsberga i Kerouaca ovih prostora.  
Detaljan pregled veza drugih autora s područja južnoslavenskih književnosti s Beat generacijom prikazan je u četvrtom i posljednjem potpoglavlju o recepciji. Beatnički senzibilitet i svjetonazorske sličnosti pronađene su, ne u cjelini već u u određenim stvaralačkim razdobljima ili djelima, u većoj mjeri kod književnika kao što su Vojislav Despotov sa svojim ""krikom uduvanim u balon"" i džezom zbirke pjesama Deset deka duše; Vladimir Kopicl; izrazito subverzivni pisci Tomaž Šalamun i Boris Maruna; Nina Živančević sa svojom izvedbenom poezijom; no tu su i Edo Popović, Delimir Rešicki i Zvonko Karanović te fakovci koji su na prijelazu tisućljeća vratili naglasak na usmeno izvođenje i performans. Iako su možda na beatničkom tragu bili u nešto manjoj mjeri, fragmente beatničke estetike moguće je pronaći u djelima  Milka Valenta, Saše Meršinjaka, Gorana Babića u Hrvatskoj; u Srbiji kod Srđana Valjarevića, Željka Mitića i Ivane Milankove; u Sloveniji kod Francija Zagorčnika, Marta Ogena, Mihe Avanza i Vene Taufera. Konačno, u poeziji nekih pjesnika mlađe generacije kao što su Vladimir Đurišić, Andrija Ivanović i Mehmed Begić također je vidljiva beatnička ponovno otkrivena aktualnost.",Generacija beatnika i njihova recepcija u južnoslavenskim književnostima,Damir,hr,http://rightsstatements.org/vocab/InC/1.0/,"Josip Juraj Strossmayer University of Osijek, Faculty of Humanities and Social Sciences",9200133_NL_S2_Zagreb,,,"{'def': 'Prvi dio ovog rada bavi se prikazom društvenog i kulturnog konteksta u kakvom je u Americi nakon II. svjetskog rata došlo do pojave Generacije beatnika i njihove književnosti, koja će se sve do šezdesetih godina 20. stoljeća gusto ispreplitati s popularnom kulturom i glazbom, stvarajući karakterističan fenomen književnosti u beatničkoj perspektivi. Prikazani su književni i filozofski utjecaji na temeljima kojih su beatnici nadograđivali svoje ideje i razvijali vlastite književne izričaje. Posebno uzimajući u obzir optužbe da su beatnički tekstovi neinteligentni i izvan američke književne tradicije, prikazani su njihovi raznovrsni uzori od kojih su crpili inspiraciju često intenzivno promišljajući značajna književna djela i filozofske tekstove, a beatnici su svoja znanja nadograđivali i kroz osobne razgovore s uzorima kao što su Kenneth Rexroth i Williams Carlos Williams.  \nPopis beatničkih uzora i teorijskih uporišta zapravo je impresivan i sastoji se od nasljeđa i iskustava koje su oni preuzimali od raznovrsnih izvora. To su pisci radikalnijeg krila Izgubljene generacije – Hart Crane, Harry Crosby i Eugene Jolas – koji su upotrebom narkotika, seksualnom i radikalnom književnom eksperimentiranju te težnjom za doživljavanjem eksteremnih iskustava i stavom o nužnosti društvene pobune, što su beatnici nadogradili još i zanimanjem za metafizička pitanja bili preteče Beat generacije; transcendentalisti kao što su Thoreau, Whitman, Emerson, Melville,  koji su ih ohrabrili slaviti vlastiti individualizam i osobno iskustvo; fenomen hipsterizma i jazz glazbenici; egzistencijalisti od kojih su beatnici preuzeli akcije izazivanja postojećih društvenih struktura, a u kljuĉu egzistencijalizma može se čitati i njihova strastvena želja za življenjem trenutka; Oswald Spengler i njegov tekst Propast zapada koji im je pružio okvir za razvoj vlastitih uvjerenja; bohema i anarhizam,  jer beatnici su prirodni sljednici bohemskih zajednica iz prošlosti; poezija projekcije Charlesa Olsona i teoretičari Black Mountain Collegea, primjerice Duncan i Creely,  koji su njegovali iskustvenu poeziju i formu smatrali nebitnom. Njihove turobne analize beatnici su prilagodili duhovitošću, humorom i jazzom; William Carlos Williams Ginsbergu je odigrao ulogu učitelja i mentora i u svojoj se poeziji koristio proznim uporištima, omogućivši time Ginsbergu pravo nadahnuće; Wilhelm Reich s diskursom seksualnosti u kojem se na seksualni čin gleda kao na spontani, instiktivan čin tijela koji biće oslobađa od ideoloških inhibicija; Paul Goodman od kojeg su beatnici preuzeli ideju sabotiranja američkog načela zbiljnosti srednje klase; nadrealizam, uvid u koji je Ginsbergu omogućio proširiti kapacitet nesvjesnog uma. Korištenje neracionalnih asocijacija \npostupak je koji su beatnici preuzeli od nadrealista; naposljetku, William Blake bio je ključan za Allena Ginsberga na sasvim osebujan, vizionarski način.  \nNakon uzora i teorijskih uporišta, detaljno su raščlanjene temeljne postavke beatničke poetike i prikazane veze s drugim oblicima umjetnosti. U istraživanje je uvršteno sedam beatnika, a analizirajući njihove ključne tekstove namjera je bila potvrditi prethodno donešene zaključke o beatničkim djelima kao korpusu koji unatoč nepostojanju službenog zajedničkog programa ili manifesta sadrži prepoznatljive i ponavljajuće karakteristike. Ključne karakteristike njihove književnosti i filozofije započele su se profilirati raspravama o novoj viziji i novoj svijesti, u okviru kojih su oni ponudili usmjeravanje ka tjelesnosti i novu duhovnost. Time je njihova književnost započela put ka suštinskoj obnovi, ravnoteži i transcendenciji, u srži čega je potraga za identitetom i vizijom.  \nIzdvojena su četiri glavna temelja beatničke estetike. To su Kerouacov tekst ""Osnove spontane proze"" s tehnikama skiciranja i struje svijesti; tjelesnost i seksualnost kao najava beatničke pripadnosti ranom postmodernizmu; beatnička poetika izvedbe koja ističe važnost nastupa, usmene improvizacije i performansa. Na tragu Ginsbergova zanimanja za vokalizaciju kao praksu koja će dovesti do inspiracije, izvedba u beatničkom pjesništvu postala je sastavni dio pjesničkog oblika koji više nije sačuvan u tiskanom tekstu i stoga samo oni koji sudjeluju u scenskom prostoru imaju privilegiju u potpunosti shvatiti njihovo pjesništvo. Beatnička čitanja prerastala su tako u prave performanse i razbijala su imaginarni četvrti zid koji odvaja izvođače od publike. Naposljetku, tu je i estetika duhovnosti u smislu ambivalentnog odnosa s organiziranim religijama kao četvrta bitna karakteristika estetike beatničke književnosti. Beatnici su religijska značenja tražili i u najmanje očitim mjestima, tražeći im ujedno i nova moguća značenja, a isticali su se i radikalnim ekumenizmom. Ističe se u okviru njihovih religijskih vizija stanovita dharma poetika koja proizlazi iz budističke psihologije i filozofije, no ne smije se zanemariti niti njihovo sasvim produhovljeno, gotovo religijsko shvaćanje prirode. Oni su kulturne i religijske tradicije često spajali sa znanošću i upravo su beatnici odigrali jednu od ključnih uloga u rastu znanstvenog polja ekologije do razine na kojoj je ona postala predmet zanimanja umjetnosti. \n Analizom odabranog korpusa književnih ostvarenja izvornih pripadnika Generacije beatnika, pitanja poetike potom su dodatno razrađena, a zaključci potvrđeni konkretnim primjerima. \nObilježja beatničke književnosti inspirirala su i južnoslavenske autore, a beatnička recepcija u južnoslavenskim književnostima dosad nije bila sustavno obrađivana. Drugi dio disertacije interpretacijom književnih tekstova i metodom kompleksnog istraživanja utjecaja i veza autora Beat generacije s književnim autorima na tlu bivše Jugoslavije, uz detaljniji osvrt na putovanja određenih beatnika u bivšu Jugoslaviju i obrnuto, nekih južnoslavenskih autora u Ameriku, utvrđuje kako su strukturne specifičnosti američkih tekstova preko izvornika i prijevoda prodirale u hrvatsku i druge južnoslavenske književnosti i kulture. Uzet je pritom ponovno u obzir društveni i kulturni kontekst razmatranog vremena. Do kraja pedesetih godina 20. stoljeća pojavili su se prvi prozapadnjački orijentirani pisci, kao što su primjerice krugovaši Šoljan i Slamnig, koji su u neku ruku preteže prvih konkretnih primjera recepcije beatničke književnosti na ovim prostorima.  \nU četiri potpoglavlja o recepciji prikazani su primjeri kako se beatnička književnost započela pojavljivati kao intertekst raspršen u simbolima prodora zapadnjačke popularne kulture, glazbe i književnosti. Ova razina recepcije pokazana je na primjerma intertekstualnih relacija Šoljanovih Izdajica i romana Kratki izlet s Kerouacovim romanom Na cesti, ali i poezije Alojza Majetića, koja je žesto na tragu Snyderova duboka poštovanja povezanosti čovjeka i prirode. Omladinski tisak i glazba predstavljaju dodatnu recepciju beatnika posredno, kroz novoliberaliziranu južnoslavensku omladinsku rock kulturu. Zanimljiva je u tom kontekstu serija tekstova Voje Šindolića objavljena u časopisu Džuboks na prijelazu 1977. i 1978. godine pod naslovom ""Mjesta za beat pjesnike"", koja pokazuje da je već tada postojala svijest o tekstualnim relacijama beatnika i južnoslavenskih pjesnika kao što je Arsen Dedić. Rock glazba, također, u svom novovalnom usmjerenju smjestila se na margine društva, realizirajući svoj potencijal iz podzemlja, što je sasvim beatničko okruženje. Beatnici su bili prisutni i u tekstovima pjesama pa ih tako, primjerice, u ""Jablanu"" priziva Branimir Johnny Štulić. Drugo potpoglavlje pruža osvrt na klasičnu recepciju prouzrokovanu prijevodima i kritičkim tekstovima, a u trećem potpoglavlju predstavljena je recepcija nastala kroz neposrednu razmjenu iskustava koja se događala kroz beatnička putovanja u tadašnju Jugoslaviju. Upravo u okviru neposredne razmjene iskustava predstavljena su i dva pomalo zaboravljena južnoslavenska autora koja su se svojim izričajem ponajviše približila beatnicima koje su i osobno poznavali. Riječ je o Milanu Oklopdžću i Voji Šindoliću koji gotovo ostavljaju dojam Ginsberga i Kerouaca ovih prostora.  \nDetaljan pregled veza drugih autora s područja južnoslavenskih književnosti s Beat generacijom prikazan je u četvrtom i posljednjem potpoglavlju o recepciji. Beatnički senzibilitet i svjetonazorske sličnosti pronađene su, ne u cjelini već u u određenim stvaralačkim razdobljima ili djelima, u većoj mjeri kod književnika kao što su Vojislav Despotov sa svojim ""krikom uduvanim u balon"" i džezom zbirke pjesama Deset deka duše; Vladimir Kopicl; izrazito subverzivni pisci Tomaž Šalamun i Boris Maruna; Nina Živančević sa svojom izvedbenom poezijom; no tu su i Edo Popović, Delimir Rešicki i Zvonko Karanović te fakovci koji su na prijelazu tisućljeća vratili naglasak na usmeno izvođenje i performans. Iako su možda na beatničkom tragu bili u nešto manjoj mjeri, fragmente beatničke estetike moguće je pronaći u djelima  Milka Valenta, Saše Meršinjaka, Gorana Babića u Hrvatskoj; u Srbiji kod Srđana Valjarevića, Željka Mitića i Ivane Milankove; u Sloveniji kod Francija Zagorčnika, Marta Ogena, Mihe Avanza i Vene Taufera. Konačno, u poeziji nekih pjesnika mlađe generacije kao što su Vladimir Đurišić, Andrija Ivanović i Mehmed Begić također je vidljiva beatnička ponovno otkrivena aktualnost.', 'en': 'The first part of this dissertation gives an overview of the social and cultural context in The United States of America in the post-World War II  era – the place and time of the first appearance of The Beat Generation and their literature. The Beat Generation had an enormous influence in the USA all the way until 1960s, intertwining with popular music and culture in general, creating a distinctive literature phenomena. This dissertation shows literary and philosophical influence which served as a foundation ground for the development of The Beat Generation\'s ideas and literature expression. Taking into special consideration the accusations which describe the Beat literature texts as unintelligent work and that they are not true representatives of the American literary tradition, this dissertation tries to portray a variety of their role models and ideals, a source of their inspiration after a deep contemplation of classical literature and philosophical pieces. The Beat Generation authors also tried to enrich their knowledge through personal in-depth discussion with their role models, such as Kenneth Rexroth and Williams Carlos Williams. \nThe list of the Beat Generation role models and theoretical foundations is quite impressive and it consists of legacies and experiences taken over from many different sources, such as the writers of the more radical wing of the Lost Generation – Hart Crane, Harry Crosby and Eugene Jolas. They were  antecedents of the Beat Generation, inspiring them with their excessive use of narcotics, strong tendency for sexual and radical literary experimentation and aspirations for revival of extreme experiences and the need for social rebellion, all which the Beat Generation authors followed and upgraded with an extreme interest for metaphysical questions. Further on, their role models were transcendentalists such as Thoreau, Whitman, Emerson, Melville – they inspired them to celebrate their individualism and personal experience; phenomena of hipsters and jazz; existentialists and their need to question and provoke current social structure and the passionate need to live in the moment; Oswald Spengler and his The Decline of the West served as a framework for development of their beliefs; bohemianism and anarchism – because the Beats are the followers of Bohemians and their communities from the past; Charles Olson and his projective verse and theorists of The Black Mountain College, e.g. Duncan and Creely with their fondness for experiential poetry and no need for form. The Beats softened their gloomy analysis using wit, humor and jazz. William Carlos Williams had a role of teacher and mentor for Ginsberg, using a prose base in his work; by doing so he created a true inspiration for Ginsberg. Wilhelm Reich was an inspiration for the Beats with his sexual discourse – he portrays a sexual intercourse as a spontaneous, instinctive body act that sets free from all the ideological inhibitions; Paul Goodman inspired the Beats with his idea of sabotaging the American principle of the middle class. Surrealism enabled Ginsberg to widen the capacity of his unconscious mind. Surrealism also inspired the Beat Generation to use the act of surreal association. To conclude, William Blake was a central figure for Allen Ginsberg in a peculiar, visionary way.  \nAfter the analysis of the role models and theoretical foundations, the basic characteristics of the Beat Generation poetry are introduced and compared to the other forms of art. Seven most important representatives of the Beats are included in the research. The intention was to analyze their key pieces and confirm that the Beat Generation corpus contains recognizable and repetitive characteristics, although there is no official program or manifest for the Beat Generation literature. The main characteristics of their literature and philosophy started to define itself with discussion about a new vision and a new consciousness, which created a path to corporeality and new spirituality. By doing so, their literature started making a path towards extensive restoration, balance and transcendence, with a central pursuit for identity and clear vision.  \nThe four major elements of the Beat movement are isolated: Kerouac\'s essay ""Essentials of Spontaneous Prose"" with techniques of sketching and stream of consciousness; corporeality and sexuality as an indicator of affiliation to early postmodernism; performance poetry which emphasizes the importance of performance and oral improvisation. Ginsberg interest for vocalization eventually led to an inspiration, so performance in the Beat movement became an essential part of the poetry form no longer kept in the written form, therefore, only those who took part in the performance area had the privilege to completely realize their poetry. The Beat readings overcame regular performances and became true showcasing of their essence, breaking the imaginary wall between the audience and the performers. Lastly, there is also the esthetics of spirituality – ambivalent relationships with organized religions as a fourth characteristic of the Beat Generation. The Beats searched for religious meanings in the least obvious places, also trying to give new meanings to religion and emphasizing their radical ecumenism. Dharma poetry, as a part of Buddhist psychology and philosophy, is an important factor of their religious vision. Also, their spiritual, almost religious understanding of nature is extremely significant. Cultural and religious traditions were often combined with science; the Beats played one of the key roles in the development of ecology as a science field up to the level in which it almost became an art field.  \nThrough detailed analysis of the chosen literary work and accomplishments of the main representatives of the Beat Movement, essential issues of the poetry are additionally elaborated, while conclusions are confirmed with concrete examples.  \nCharacteristics of the Beat literature inspired South Slavic authors, although the Beat reception was not systematically studied and researched in any of the South Slavic literatures. The second part of this dissertation tries to determine the ways the Beat literature penetrated Croatian and other South Slavic literatures. To shed the light on those pathways, this dissertation tries to interpret literary pieces and apply a method of complex research of influence and connection of the Beat Generation authors with ex-Yugoslavian authors, with a detailed overview of the journey undertaken by the Beat authors to ex-Yugoslavia and vice versa. It determines that certain structural specificities of American texts penetrated through their originals to Croatian and other South Slavic literatures and cultures. The social and cultural context of the time is taken into consideration. By the end of the 1950s, the first West-oriented authors appeared, such as Šoljan and Slamnig, predecessors of the first concrete examples of the Beat literature in these areas.  \nIn the four subchapters about the reception of the Beat literature it is shown how the Beat literature began to appear as an inter-text scattered in the symbols of penetration of Western culture, music and literature. This level of reception is displayed through examples of intertextual relations of Šoljan\'s Traitors and novel Short Trip with Kerouac\'s novel On the Road, but also through examples of Alojz Majetić\'s poetry, often similar to Snyder\'s deep respect for the connection of the nature and man.  \nYouth press and music present a special pathway of the Beat reception through newly liberalized youth rock culture. ""Places for Beat Poets"", a series of texts by Vojo Šindolić, published in magazine Džuboks (1977 to 1978), show traces of awareness of textual relations of the Beats and South Slavic poets, such as Arsen Dedić. \nRock music is as well, in its new wave direction, on the margins of society, realizing its potential from the underground, which is completely in accordance with the Beat characteristics. The Beats were also present in song lyrics; for example, Branimir Johnny Štulić calls them out in his song ""Lombardy Poplar"". The second subchapter gives an overview of the classic reception through translations and critic reviews, while the third subchapter deals with reception through exchange of experiences in the journeys of the Beat authors to ex-Yugoslavian countries. Here two slightly forgotten South Slavic authors, whose expression is the most similar to the Beats – Milan Oklopdžić and Vojo Šindolić are introduced, dubbed to be Ginsberg and Kerouc of the South Slavic area.  \n Detailed overview of the connection of other authors from the South Slavic area with the Beat Generation is portrayed in the fourth, last subchapter. Common sensibility and worldview similarities are visible in the certain creative stages of Vojislav Despotov\'s work  such as his „howl blown into a balloon“ and jazz poetry of Ten Decagrams of Soul; Vladimir Kopicl; extremely subversive authors Tomaž Šalamun and Boris Maruna; Nina Živančević with her performance poetry; Edo Popović, Delimir Rešicki and Zvonko Karanović and members of FAK, which brought back oral recital and performance. Fragments of the Beat aesthetics can be traced to works of Milko Valent, Saša Meršinjak, Goran Babić in Croatia; Srđan Valjarević, Željko Mitić and Ivana Milankov in Serbia; Franci Zagorčnik, Mart Ogen, Miho Avanz and Veno Taufer in Slovenia. Lastly, in poetry of some authors of younger generations, such as Vladimir Đurišić, Andrija Ivanović and Mehmed Begić, with visible newly discovered actuality of the Beats.', 'hr': 'Prvi dio ovog rada bavi se prikazom društvenog i kulturnog konteksta u kakvom je u Americi nakon II. svjetskog rata došlo do pojave Generacije beatnika i njihove književnosti, koja će se sve do šezdesetih godina 20. stoljeća gusto ispreplitati s popularnom kulturom i glazbom, stvarajući karakterističan fenomen književnosti u beatničkoj perspektivi. Prikazani su književni i filozofski utjecaji na temeljima kojih su beatnici nadograđivali svoje ideje i razvijali vlastite književne izričaje. Posebno uzimajući u obzir optužbe da su beatnički tekstovi neinteligentni i izvan američke književne tradicije, prikazani su njihovi raznovrsni uzori od kojih su crpili inspiraciju često intenzivno promišljajući značajna književna djela i filozofske tekstove, a beatnici su svoja znanja nadograđivali i kroz osobne razgovore s uzorima kao što su Kenneth Rexroth i Williams Carlos Williams.  \nPopis beatničkih uzora i teorijskih uporišta zapravo je impresivan i sastoji se od nasljeđa i iskustava koje su oni preuzimali od raznovrsnih izvora. To su pisci radikalnijeg krila Izgubljene generacije – Hart Crane, Harry Crosby i Eugene Jolas – koji su upotrebom narkotika, seksualnom i radikalnom književnom eksperimentiranju te težnjom za doživljavanjem eksteremnih iskustava i stavom o nužnosti društvene pobune, što su beatnici nadogradili još i zanimanjem za metafizička pitanja bili preteče Beat generacije; transcendentalisti kao što su Thoreau, Whitman, Emerson, Melville,  koji su ih ohrabrili slaviti vlastiti individualizam i osobno iskustvo; fenomen hipsterizma i jazz glazbenici; egzistencijalisti od kojih su beatnici preuzeli akcije izazivanja postojećih društvenih struktura, a u kljuĉu egzistencijalizma može se čitati i njihova strastvena želja za življenjem trenutka; Oswald Spengler i njegov tekst Propast zapada koji im je pružio okvir za razvoj vlastitih uvjerenja; bohema i anarhizam,  jer beatnici su prirodni sljednici bohemskih zajednica iz prošlosti; poezija projekcije Charlesa Olsona i teoretičari Black Mountain Collegea, primjerice Duncan i Creely,  koji su njegovali iskustvenu poeziju i formu smatrali nebitnom. Njihove turobne analize beatnici su prilagodili duhovitošću, humorom i jazzom; William Carlos Williams Ginsbergu je odigrao ulogu učitelja i mentora i u svojoj se poeziji koristio proznim uporištima, omogućivši time Ginsbergu pravo nadahnuće; Wilhelm Reich s diskursom seksualnosti u kojem se na seksualni čin gleda kao na spontani, instiktivan čin tijela koji biće oslobađa od ideoloških inhibicija; Paul Goodman od kojeg su beatnici preuzeli ideju sabotiranja američkog načela zbiljnosti srednje klase; nadrealizam, uvid u koji je Ginsbergu omogućio proširiti kapacitet nesvjesnog uma. Korištenje neracionalnih asocijacija \npostupak je koji su beatnici preuzeli od nadrealista; naposljetku, William Blake bio je ključan za Allena Ginsberga na sasvim osebujan, vizionarski način.  \nNakon uzora i teorijskih uporišta, detaljno su raščlanjene temeljne postavke beatničke poetike i prikazane veze s drugim oblicima umjetnosti. U istraživanje je uvršteno sedam beatnika, a analizirajući njihove ključne tekstove namjera je bila potvrditi prethodno donešene zaključke o beatničkim djelima kao korpusu koji unatoč nepostojanju službenog zajedničkog programa ili manifesta sadrži prepoznatljive i ponavljajuće karakteristike. Ključne karakteristike njihove književnosti i filozofije započele su se profilirati raspravama o novoj viziji i novoj svijesti, u okviru kojih su oni ponudili usmjeravanje ka tjelesnosti i novu duhovnost. Time je njihova književnost započela put ka suštinskoj obnovi, ravnoteži i transcendenciji, u srži čega je potraga za identitetom i vizijom.  \nIzdvojena su četiri glavna temelja beatničke estetike. To su Kerouacov tekst ""Osnove spontane proze"" s tehnikama skiciranja i struje svijesti; tjelesnost i seksualnost kao najava beatničke pripadnosti ranom postmodernizmu; beatnička poetika izvedbe koja ističe važnost nastupa, usmene improvizacije i performansa. Na tragu Ginsbergova zanimanja za vokalizaciju kao praksu koja će dovesti do inspiracije, izvedba u beatničkom pjesništvu postala je sastavni dio pjesničkog oblika koji više nije sačuvan u tiskanom tekstu i stoga samo oni koji sudjeluju u scenskom prostoru imaju privilegiju u potpunosti shvatiti njihovo pjesništvo. Beatnička čitanja prerastala su tako u prave performanse i razbijala su imaginarni četvrti zid koji odvaja izvođače od publike. Naposljetku, tu je i estetika duhovnosti u smislu ambivalentnog odnosa s organiziranim religijama kao četvrta bitna karakteristika estetike beatničke književnosti. Beatnici su religijska značenja tražili i u najmanje očitim mjestima, tražeći im ujedno i nova moguća značenja, a isticali su se i radikalnim ekumenizmom. Ističe se u okviru njihovih religijskih vizija stanovita dharma poetika koja proizlazi iz budističke psihologije i filozofije, no ne smije se zanemariti niti njihovo sasvim produhovljeno, gotovo religijsko shvaćanje prirode. Oni su kulturne i religijske tradicije često spajali sa znanošću i upravo su beatnici odigrali jednu od ključnih uloga u rastu znanstvenog polja ekologije do razine na kojoj je ona postala predmet zanimanja umjetnosti. \n Analizom odabranog korpusa književnih ostvarenja izvornih pripadnika Generacije beatnika, pitanja poetike potom su dodatno razrađena, a zaključci potvrđeni konkretnim primjerima. \nObilježja beatničke književnosti inspirirala su i južnoslavenske autore, a beatnička recepcija u južnoslavenskim književnostima dosad nije bila sustavno obrađivana. Drugi dio disertacije interpretacijom književnih tekstova i metodom kompleksnog istraživanja utjecaja i veza autora Beat generacije s književnim autorima na tlu bivše Jugoslavije, uz detaljniji osvrt na putovanja određenih beatnika u bivšu Jugoslaviju i obrnuto, nekih južnoslavenskih autora u Ameriku, utvrđuje kako su strukturne specifičnosti američkih tekstova preko izvornika i prijevoda prodirale u hrvatsku i druge južnoslavenske književnosti i kulture. Uzet je pritom ponovno u obzir društveni i kulturni kontekst razmatranog vremena. Do kraja pedesetih godina 20. stoljeća pojavili su se prvi prozapadnjački orijentirani pisci, kao što su primjerice krugovaši Šoljan i Slamnig, koji su u neku ruku preteže prvih konkretnih primjera recepcije beatničke književnosti na ovim prostorima.  \nU četiri potpoglavlja o recepciji prikazani su primjeri kako se beatnička književnost započela pojavljivati kao intertekst raspršen u simbolima prodora zapadnjačke popularne kulture, glazbe i književnosti. Ova razina recepcije pokazana je na primjerma intertekstualnih relacija Šoljanovih Izdajica i romana Kratki izlet s Kerouacovim romanom Na cesti, ali i poezije Alojza Majetića, koja je žesto na tragu Snyderova duboka poštovanja povezanosti čovjeka i prirode. Omladinski tisak i glazba predstavljaju dodatnu recepciju beatnika posredno, kroz novoliberaliziranu južnoslavensku omladinsku rock kulturu. Zanimljiva je u tom kontekstu serija tekstova Voje Šindolića objavljena u časopisu Džuboks na prijelazu 1977. i 1978. godine pod naslovom ""Mjesta za beat pjesnike"", koja pokazuje da je već tada postojala svijest o tekstualnim relacijama beatnika i južnoslavenskih pjesnika kao što je Arsen Dedić. Rock glazba, također, u svom novovalnom usmjerenju smjestila se na margine društva, realizirajući svoj potencijal iz podzemlja, što je sasvim beatničko okruženje. Beatnici su bili prisutni i u tekstovima pjesama pa ih tako, primjerice, u ""Jablanu"" priziva Branimir Johnny Štulić. Drugo potpoglavlje pruža osvrt na klasičnu recepciju prouzrokovanu prijevodima i kritičkim tekstovima, a u trećem potpoglavlju predstavljena je recepcija nastala kroz neposrednu razmjenu iskustava koja se događala kroz beatnička putovanja u tadašnju Jugoslaviju. Upravo u okviru neposredne razmjene iskustava predstavljena su i dva pomalo zaboravljena južnoslavenska autora koja su se svojim izričajem ponajviše približila beatnicima koje su i osobno poznavali. Riječ je o Milanu Oklopdžću i Voji Šindoliću koji gotovo ostavljaju dojam Ginsberga i Kerouaca ovih prostora.  \nDetaljan pregled veza drugih autora s područja južnoslavenskih književnosti s Beat generacijom prikazan je u četvrtom i posljednjem potpoglavlju o recepciji. Beatnički senzibilitet i svjetonazorske sličnosti pronađene su, ne u cjelini već u u određenim stvaralačkim razdobljima ili djelima, u većoj mjeri kod književnika kao što su Vojislav Despotov sa svojim ""krikom uduvanim u balon"" i džezom zbirke pjesama Deset deka duše; Vladimir Kopicl; izrazito subverzivni pisci Tomaž Šalamun i Boris Maruna; Nina Živančević sa svojom izvedbenom poezijom; no tu su i Edo Popović, Delimir Rešicki i Zvonko Karanović te fakovci koji su na prijelazu tisućljeća vratili naglasak na usmeno izvođenje i performans. Iako su možda na beatničkom tragu bili u nešto manjoj mjeri, fragmente beatničke estetike moguće je pronaći u djelima  Milka Valenta, Saše Meršinjaka, Gorana Babića u Hrvatskoj; u Srbiji kod Srđana Valjarevića, Željka Mitića i Ivane Milankove; u Sloveniji kod Francija Zagorčnika, Marta Ogena, Mihe Avanza i Vene Taufera. Konačno, u poeziji nekih pjesnika mlađe generacije kao što su Vladimir Đurišić, Andrija Ivanović i Mehmed Begić također je vidljiva beatnička ponovno otkrivena aktualnost.'}","{'def': 'Generacija beatnika i njihova recepcija u južnoslavenskim književnostima', 'en': 'The beat generation and its reception in the south slavic literatures', 'hr': 'Generacija beatnika i njihova recepcija u južnoslavenskim književnostima'}"
/614/UNI4_0935483,http://data.europeana.eu/item/614/UNI4_0935483,VIDEO,,France,"- Verano porteño, extract from Las quatro estaciones porteñas/Astor Piazzolla, composer; Free adaptation for trio of Alejandro Petrasso; Alejandro Petrasso, piano; Geza Hosszu-Legocky, violin; Mark Drobinsky, cello
- Pampeana n ° 1/Alberto Ginastera, composer; Geza Hosszu-Legocky, violin; Eduardo Hubert, piano
- Taquito militar/Mariano Mores, composer; Martha Argerich, Alejandro Petrasso, piano
- Nueve de Julio/José Luis Padula, composer; transcription of Alejandro Petrasso; Martha Argerich, Alejandro Petrasso, piano
- Improvisations on “La ci darem 'la mano,” extracts from Don Giovanni by Wolfgang Amadeus Mozart/Gabriela Monteron, piano
- Improvisations on the Habanera “Love is a rebel bird,” extracts from Carmen by Georges Bizet/Gabriela Montero, piano
- Fauré-tango/Eduardo Hubert, composer, piano; Geza Hosszu-Legocky, violin; Lyda Chen-Argerich, viola; Mark Drobinsky, cello
- Tres minutos con la realidad/Astor Piazzolla, composer; adaptation of Eduardo Hubert; Martha Argerich, Eduardo Hubert, piano
- Libertango/Astor Piazzolla, composer; Martha Argerich, Eduardo Hubert, piano
- Oblivion/Astor Piazzolla, composer; Martha Argerich, Eduardo Hubert, piano; Geza Hosszu-Legocky, violin
- Pampeana n ° 2/Alberto Ginastera, composer; Mark Drobinsky, cello; Alejandro Petrasso, piano
- Beach 12/[Unidentified]; Lyda Chen-Argerich, viola; Alejandro Petrasso, piano
- Aires criollos/Julian Aguirre, composer; Lyda Chen-Argerich, viola; Eduardo Hubert, arrangement; Alejandro Petrasso, piano
- Improvisation on “Por una cabeza”/Gabriela Montero, piano; Geza Hosszu-Legocky, violin
- Muerte del ángel/Astor Piazzolla, composer; transcription of Eduardo Hubert; Martha Argerich, Eduardo Hubert, Gabriela Montero, Alejandro Petrasso, piano
- Muerte del ángel: reminder/Astor Piazzolla, composer; transcription of Eduardo Hubert; Martha Argerich, Eduardo Hubert, Gabriela Montero, Alejandro Petrasso, piano","Festival de Lugano, autour du tango. Martha Argerich et ses invités",Alberto Ginastera,fr,http://rightsstatements.org/vocab/InC/1.0/,Philharmonie de Paris,614_Ag_EU_eSounds_1044_PhilharmonieDeParis,http://fake.philharmoniedeparis.fr/AIC90/0067227,{'fr': 'Tango'},"{'en': ""- Verano porteño, extract from Las quatro estaciones porteñas/Astor Piazzolla, composer; Free adaptation for trio of Alejandro Petrasso; Alejandro Petrasso, piano; Geza Hosszu-Legocky, violin; Mark Drobinsky, cello\n- Pampeana n ° 1/Alberto Ginastera, composer; Geza Hosszu-Legocky, violin; Eduardo Hubert, piano\n- Taquito militar/Mariano Mores, composer; Martha Argerich, Alejandro Petrasso, piano\n- Nueve de Julio/José Luis Padula, composer; transcription of Alejandro Petrasso; Martha Argerich, Alejandro Petrasso, piano\n- Improvisations on “La ci darem 'la mano,” extracts from Don Giovanni by Wolfgang Amadeus Mozart/Gabriela Monteron, piano\n- Improvisations on the Habanera “Love is a rebel bird,” extracts from Carmen by Georges Bizet/Gabriela Montero, piano\n- Fauré-tango/Eduardo Hubert, composer, piano; Geza Hosszu-Legocky, violin; Lyda Chen-Argerich, viola; Mark Drobinsky, cello\n- Tres minutos con la realidad/Astor Piazzolla, composer; adaptation of Eduardo Hubert; Martha Argerich, Eduardo Hubert, piano\n- Libertango/Astor Piazzolla, composer; Martha Argerich, Eduardo Hubert, piano\n- Oblivion/Astor Piazzolla, composer; Martha Argerich, Eduardo Hubert, piano; Geza Hosszu-Legocky, violin\n- Pampeana n ° 2/Alberto Ginastera, composer; Mark Drobinsky, cello; Alejandro Petrasso, piano\n- Beach 12/[Unidentified]; Lyda Chen-Argerich, viola; Alejandro Petrasso, piano\n- Aires criollos/Julian Aguirre, composer; Lyda Chen-Argerich, viola; Eduardo Hubert, arrangement; Alejandro Petrasso, piano\n- Improvisation on “Por una cabeza”/Gabriela Montero, piano; Geza Hosszu-Legocky, violin\n- Muerte del ángel/Astor Piazzolla, composer; transcription of Eduardo Hubert; Martha Argerich, Eduardo Hubert, Gabriela Montero, Alejandro Petrasso, piano\n- Muerte del ángel: reminder/Astor Piazzolla, composer; transcription of Eduardo Hubert; Martha Argerich, Eduardo Hubert, Gabriela Montero, Alejandro Petrasso, piano"", 'fr': '- Verano porteño, extrait de Las quatro estaciones porteñas / Astor Piazzolla, compositeur; Adaptation libre pour trio d\'Alejandro Petrasso; Alejandro Petrasso, piano; Geza Hosszu-Legocky, violon; Mark Drobinsky, violoncelle\n- Pampeana n° 1 / Alberto Ginastera, compositeur; Geza Hosszu-Legocky, violon; Eduardo Hubert, piano\n- Taquito militar / Mariano Mores, compositeur; Martha Argerich, Alejandro Petrasso, piano\n- Nueve de Julio / José Luis Padula, compositeur; transcription d\'Alejandro Petrasso; Martha Argerich, Alejandro Petrasso, piano\n- Improvisations sur ""La ci darem\' la mano"", extrait de Don Giovanni de Wolfgang Amadeus Mozart / Gabriela Monteron, piano\n- Improvisations sur la Habanera ""L\'amour est un oiseau rebelle"", extrait de Carmen de Georges Bizet / Gabriela Montero, piano\n- Fauré-tango / Eduardo Hubert, compositeur, piano; Geza Hosszu-Legocky, violon; Lyda Chen-Argerich, alto; Mark Drobinsky, violoncelle\n- Tres minutos con la realidad / Astor Piazzolla, compositeur; adaptation d\'Eduardo Hubert; Martha Argerich, Eduardo Hubert, piano\n- Libertango / Astor Piazzolla, compositeur; Martha Argerich, Eduardo Hubert, piano\n- Oblivion / Astor Piazzolla, compositeur; Martha Argerich, Eduardo Hubert, piano; Geza Hosszu-Legocky, violon\n- Pampeana n° 2 / Alberto Ginastera, compositeur; Mark Drobinsky, violoncelle; Alejandro Petrasso, piano\n- Plage 12 / [Non identifié]; Lyda Chen-Argerich, alto; Alejandro Petrasso, piano\n- Aires criollos / Julian Aguirre, compositeur; Lyda Chen-Argerich, alto; Eduardo Hubert, arrangement; Alejandro Petrasso, piano\n- Improvisation sur ""Por una cabeza"" / Gabriela Montero, piano; Geza Hosszu-Legocky, violon\n- Muerte del ángel / Astor Piazzolla, compositeur; transcription d\'Eduardo Hubert; Martha Argerich, Eduardo Hubert, Gabriela Montero, Alejandro Petrasso, piano\n- Muerte del ángel:rappel / Astor Piazzolla, compositeur; transcription d\'Eduardo Hubert; Martha Argerich, Eduardo Hubert, Gabriela Montero, Alejandro Petrasso, piano'}","{'fr': 'Festival de Lugano, autour du tango. Martha Argerich et ses invités'}"
/614/UNI2_0940972,http://data.europeana.eu/item/614/UNI2_0940972,SOUND,,France,"- Verano porteño, extrait de ""Las quatro estaciones porteñas"" / Astor Piazzolla; Adaptation libre pour trio d+Alejandro Petrasso; Alejandro Petrasso, piano; Geza Hosszu-Legocky, violon; Mark Drobinsky, violoncelle
- Pampeana no 1:rhapsodie pour violon et piano / Alberto Ginastera; Geza Hosszu-Legocky, violon; Eduardo Hubert, piano
- Taquito militar / Mariano Mores; Alejandro Petrasso, arrangement et piano; Martha Argerich, piano
- Nueve de Julio / José Luis Padula; Alejandro Petrasso, arrangement et piano; Martha Argerich, piano
- Improvisation sur ""La ci darem la mano"", extrait de ""Don Giovanni"" (Mozart) / Gabriela Montero, piano
- Improvisation sur la Habanera "" L'amour est un oiseau rebelle"", extrait de ""Carmen"" (Bizet) / Gabriela Montero, piano
- Fauré-tango / Eduardo Hubert, composition et piano; Alejandro Petrasso, piano; Geza Hosszu-Legocky, violon; Mark Drobinsky, violoncelle; Lyda Chen-Argerich, alto
- Tres minutos con la realidad / Astor Piazzolla; Eduardo Hubert, arrangement et piano; Martha Argerich, piano
- Libertango / Astor Piazzolla; Eduardo Hubert, arrangement et piano; Martha Argerich, piano
- Oblivion / Astor Piazzolla; Eduardo Hubert, arrangement et piano; Martha Argerich, piano; Geza Hosszu-Legocky, violon
- Pampeana no 2 op. 21:rhapsodie pour violoncelle et piano / Alberto Ginastera; Mark Drobinsky, violoncelle; Alejandro Petrasso, piano
- No 12 / [Non identifié]; Alejandro Petrasso, piano; Lyda Chen-Argerich, alto
- Aires criollos / Julian Aguirre; transcription d'Eduardo Hubert; Alejandro Petrasso, piano; Lyda Chen-Argerich, alto
- Improvisation sur ""Por una cabeza"" / Gabriela Montero, piano
- Muerte del angel / Astor Piazzolla; Eduardo Hubert, arrangement et piano; Martha Argerich, piano; Gabriela Montero, piano; Alejandro Petrasso, piano
- Muerte del angel [Rappel] / Astor Piazzolla; Eduardo Hubert, arrangement et piano; Martha Argerich, piano; Gabriela Montero, piano; Alejandro Petrasso, piano",Festival de Lugano : autour du tango : Martha Argerich et ses invités,,fr,http://rightsstatements.org/vocab/InC/1.0/,Philharmonie de Paris,614_Ag_EU_eSounds_1044_PhilharmonieDeParis,http://fake.philharmoniedeparis.fr/AIC90/0144431,{'fr': '20 ème siècle'},"{'en': '- Verano porteño, extract from “Las quatro estaciones porteñas”/Astor Piazzolla; Free adaptation for trio d + Alejandro Petrasso; Alejandro Petrasso, piano; Geza Hosszu-Legocky, violin; Mark Drobinsky, cello\n- Pampeana no 1: rhapsody for violin and piano/Alberto Ginastera; Geza Hosszu-Legocky, violin; Eduardo Hubert, piano\n- Taquito militar/Mariano Mores; Alejandro Petrasso, arrangement and piano; Martha Argerich, piano\n- Nueve de Julio/José Luis Padula; Alejandro Petrasso, arrangement and piano; Martha Argerich, piano\n- Improvisation on “La ci darem la mano,” extract from “Don Giovanni” (Mozart)/Gabriela Montero, piano\n- Improvisation on the Habanera “Love is a rebel bird,” extract from “Carmen” (Bizet)/Gabriela Montero, piano\n- Fauré-tango/Eduardo Hubert, composition and piano; Alejandro Petrasso, piano; Geza Hosszu-Legocky, violin; Mark Drobinsky, cello; Lyda Chen-Argerich, viola\n- Tres minutos con la realidad/Astor Piazzolla; Eduardo Hubert, arrangement and piano; Martha Argerich, piano\n- Libertango/Astor Piazzolla; Eduardo Hubert, arrangement and piano; Martha Argerich, piano\n- Oblivion/Astor Piazzolla; Eduardo Hubert, arrangement and piano; Martha Argerich, piano; Geza Hosszu-Legocky, violin\nPampeana no 2 op. 21: rhapsody for cello and piano/Alberto Ginastera; Mark Drobinsky, cello; Alejandro Petrasso, piano\n- No 12/[Unidentified]; Alejandro Petrasso, piano; Lyda Chen-Argerich, viola\n- criollos/Julian Aguirre area; transcription of Eduardo Hubert; Alejandro Petrasso, piano; Lyda Chen-Argerich, alto\n- Improvisation on “Por una cabeza”/Gabriela Montero, piano\n- Muerte del angel/Astor Piazzolla; Eduardo Hubert, arrangement and piano; Martha Argerich, piano; Gabriela Montero, piano; Alejandro Petrasso, piano\n- Muerte del angel [Reminder]/Astor Piazzolla; Eduardo Hubert, arrangement and piano; Martha Argerich, piano; Gabriela Montero, piano; Alejandro Petrasso, piano', 'fr': '- Verano porteño, extrait de ""Las quatro estaciones porteñas"" / Astor Piazzolla; Adaptation libre pour trio d+Alejandro Petrasso; Alejandro Petrasso, piano; Geza Hosszu-Legocky, violon; Mark Drobinsky, violoncelle\n- Pampeana no 1:rhapsodie pour violon et piano / Alberto Ginastera; Geza Hosszu-Legocky, violon; Eduardo Hubert, piano\n- Taquito militar / Mariano Mores; Alejandro Petrasso, arrangement et piano; Martha Argerich, piano\n- Nueve de Julio / José Luis Padula; Alejandro Petrasso, arrangement et piano; Martha Argerich, piano\n- Improvisation sur ""La ci darem la mano"", extrait de ""Don Giovanni"" (Mozart) / Gabriela Montero, piano\n- Improvisation sur la Habanera "" L\'amour est un oiseau rebelle"", extrait de ""Carmen"" (Bizet) / Gabriela Montero, piano\n- Fauré-tango / Eduardo Hubert, composition et piano; Alejandro Petrasso, piano; Geza Hosszu-Legocky, violon; Mark Drobinsky, violoncelle; Lyda Chen-Argerich, alto\n- Tres minutos con la realidad / Astor Piazzolla; Eduardo Hubert, arrangement et piano; Martha Argerich, piano\n- Libertango / Astor Piazzolla; Eduardo Hubert, arrangement et piano; Martha Argerich, piano\n- Oblivion / Astor Piazzolla; Eduardo Hubert, arrangement et piano; Martha Argerich, piano; Geza Hosszu-Legocky, violon\n- Pampeana no 2 op. 21:rhapsodie pour violoncelle et piano / Alberto Ginastera; Mark Drobinsky, violoncelle; Alejandro Petrasso, piano\n- No 12 / [Non identifié]; Alejandro Petrasso, piano; Lyda Chen-Argerich, alto\n- Aires criollos / Julian Aguirre; transcription d\'Eduardo Hubert; Alejandro Petrasso, piano; Lyda Chen-Argerich, alto\n- Improvisation sur ""Por una cabeza"" / Gabriela Montero, piano\n- Muerte del angel / Astor Piazzolla; Eduardo Hubert, arrangement et piano; Martha Argerich, piano; Gabriela Montero, piano; Alejandro Petrasso, piano\n- Muerte del angel [Rappel] / Astor Piazzolla; Eduardo Hubert, arrangement et piano; Martha Argerich, piano; Gabriela Montero, piano; Alejandro Petrasso, piano'}","{'en': 'Lugano Festival: around the tango: Martha Argerich and her guests', 'fr': 'Festival de Lugano : autour du tango : Martha Argerich et ses invités'}"
/614/UNI1_0905014,http://data.europeana.eu/item/614/UNI1_0905014,TEXT,,France,,Répéter / Varier 2 - Prezens,http://fake.philharmoniedeparis.fr/AIC1/0055160,fr,http://rightsstatements.org/vocab/InC/1.0/,Philharmonie de Paris,614_Ag_EU_eSounds_1044_PhilharmonieDeParis,http://fake.philharmoniedeparis.fr/AIC90/0068616,{'fr': 'Improvisation (Genre musical)'},,{'fr': 'Répéter / Varier 2 - Prezens'}
/614/UNI1_0077385,http://data.europeana.eu/item/614/UNI1_0077385,TEXT,,France,Biographies des musiciens,"Electric Body, Cecil Taylor",Gérald Arnaud,fr,http://rightsstatements.org/vocab/InC/1.0/,Philharmonie de Paris,614_Ag_EU_eSounds_1044_PhilharmonieDeParis,http://fake.philharmoniedeparis.fr/AIC90/0068616,{'fr': 'Improvisation (Genre musical)'},{'fr': 'Biographies des musiciens'},"{'en': 'Electric Body, Cecil Taylor', 'fr': 'Electric Body, Cecil Taylor'}"
/446/LO11329992,http://data.europeana.eu/item/446/LO11329992,SOUND,https://www.internetculturale.it/jmms/thumbnailProxy.jsp?type=normal&id=oai%3Awww.internetculturale.sbn.it%2FTeca%3A20%3ANT0000%3AN%3ALO11329992&getAudio=true,Italy,Contiene: 1. Bex ; 2. The Music Next Door ; 3. Unknown Shape ; 4. You Left Me in the Dark ; 5. A Fistfull of Dynamite ; 6. Remembering ; 7. Satie's Mood ; 8. Riffunk ; 9. Le tue mani ; 10. Vesti la Giubba (da: I Pagliacci) ; 11. At Last I am Free,The music next door / Roberto Gatto,"Tittarelli, Daniele [compositore]",it,http://rightsstatements.org/vocab/NoC-OKLR/1.0/,Braidense National Library,446_CulturaItalia_InternetCulturale,http://culturaitalia.it/pico/thesaurus/4.2#audioregistrazioni,"{'en': 'Music', 'it': 'Musica'}","{'def': ""Contiene: 1. Bex ; 2. The Music Next Door ; 3. Unknown Shape ; 4. You Left Me in the Dark ; 5. A Fistfull of Dynamite ; 6. Remembering ; 7. Satie's Mood ; 8. Riffunk ; 9. Le tue mani ; 10. Vesti la Giubba (da: I Pagliacci) ; 11. At Last I am Free"", 'en': ""Contains: 1. Bex ; 2. The Music Next Door ; 3. Unknown Shape ; 4. You Left Me in the Dark ; 5. In Fistfull of Dynamite ; 6. Remembering ; 7. Satie's Mood ; 8. Riffunk ; 9. Your hands ; 10. Vesti la Giubba (from: I Pagliacci) ; 11. At Last I am Free"", 'it': ""Contiene: 1. Bex ; 2. The Music Next Door ; 3. Unknown Shape ; 4. You Left Me in the Dark ; 5. A Fistfull of Dynamite ; 6. Remembering ; 7. Satie's Mood ; 8. Riffunk ; 9. Le tue mani ; 10. Vesti la Giubba (da: I Pagliacci) ; 11. At Last I am Free""}","{'def': 'The music next door / Roberto Gatto', 'en': 'The music next door / Roberto Gatto'}"
/355/https___hispana_mcu_es_lod_oai_riunet_upv_es_10251____71283_ent0,http://data.europeana.eu/item/355/https___hispana_mcu_es_lod_oai_riunet_upv_es_10251____71283_ent0,TEXT,https://riunet.upv.es/bitstream/10251/71283/1/RUANO%20-%20Intermission%20System%3a%20gesti%c3%b3n%20de%20usuarios%20para%20la%20simulaci%c3%b3n%20de%20l%c3%adneas%20argumentales%20en%20eve....pdf,Spain,"[ES] Se ha planteado la realización de una red social para gestionar eventos de interpretación improvisada de continuidad, también conocidos como ReV (Rol en Vivo), donde los participantes introduzcan los datos requeridos por los organizadores para la realización del siguiente evento, con herramientas para gestionar a los participantes, visualizar e interpretar los datos. Inicialmente se realizó un estudio de mercado, para saber que herramientas se requieren para dichos eventos, posteriormente se comenzó el desarrollo de una demo, donde se gestiona un único ReV, usando una red social de código libre llamada Diaspora*1 , desarrollada en Ruby on Rails (RoR), un framework que sigue el paradigma de arquitectura Modelo Vista Controlador (MVC). Sin embargo debido a la elevada curva de aprendizaje de Diaspora*, especialmente si se carece de conocimientos básicos de RoR, se optó por realizarla desde cero en RoR. Como resultado de este proyecto se ha descubierto que es viable realizar este proyecto a mayor escala, de una manera más genérica y con la posibilidad de que distintos ReV se realicen a la vez y se comuniquen entre sí.",Intermission System: gestión de usuarios para la simulación de líneas argumentales en eventos de interpretación libre,"Ruano Folch, Jesús Yeray",es,http://rightsstatements.org/vocab/InC/1.0/,Polytechnic University of Valencia,355_Hispana_RiuNet,http://data.europeana.eu/concept/1913,"{'de': 'Werkzeug', 'fi': 'Työkalu', 'ru': 'Инструмент', 'pt': 'Ferramenta', 'bg': 'Инструмент', 'lt': 'Įrankis', 'lv': 'Darbarīks', 'hr': 'Alat', 'fr': 'Outil', 'hu': 'Szerszám', 'sk': 'Nástroj', 'sl': 'Orodje', 'ga': 'Uirlis', 'ca': 'Estri', 'sv': 'Verktyg', 'el': 'Εργαλείο', 'en': 'Physical tool', 'it': 'Attrezzo', 'es': 'Herramienta', 'et': 'Tööriist', 'cs': 'Nástroj', 'eu': 'Tresna', 'pl': 'Narzędzie', 'ro': 'Unealtă', 'da': 'Værktøj', 'nl': 'Gereedschap'}","{'def': '[ES] Se ha planteado la realización de una red social para gestionar eventos de interpretación improvisada de continuidad, también conocidos como ReV (Rol en Vivo), donde los participantes introduzcan los datos requeridos por los organizadores para la realización del siguiente evento, con herramientas para gestionar a los participantes, visualizar e interpretar los datos. Inicialmente se realizó un estudio de mercado, para saber que herramientas se requieren para dichos eventos, posteriormente se comenzó el desarrollo de una demo, donde se gestiona un único ReV, usando una red social de código libre llamada Diaspora*1 , desarrollada en Ruby on Rails (RoR), un framework que sigue el paradigma de arquitectura Modelo Vista Controlador (MVC). Sin embargo debido a la elevada curva de aprendizaje de Diaspora*, especialmente si se carece de conocimientos básicos de RoR, se optó por realizarla desde cero en RoR. Como resultado de este proyecto se ha descubierto que es viable realizar este proyecto a mayor escala, de una manera más genérica y con la posibilidad de que distintos ReV se realicen a la vez y se comuniquen entre sí.'}",{'def': 'Intermission System: gestión de usuarios para la simulación de líneas argumentales en eventos de interpretación libre'}
/206/item_KTTD4KIVZLUK7LQRJFNZ3LC46XIU57RH,http://data.europeana.eu/item/206/item_KTTD4KIVZLUK7LQRJFNZ3LC46XIU57RH,IMAGE,https://heidicon.ub.uni-heidelberg.de/api/v1/objects/uuid/6f3ee3fb-d459-4c2e-9441-46199392d97d/file/id/139567/file_version/name/huge/disposition/inline,Germany,,"""Alpenkräuter-Magenbitter""
""Aushilfe""
""Der offenherzige Conducteur""
""Illustrationen zu deutschen Classikern""",,de,http://creativecommons.org/publicdomain/mark/1.0/,Heidelberg University Library,206_DDB_Heidicon,https://d-nb.info/gnd/4373143-0,"{'de': 'Stricken', 'fi': 'Neulonta', 'ru': 'Сапоги', 'def': 'Frau', 'pt': 'Malharia', 'bg': 'Ботуш', 'lt': 'Mezgimas', 'lv': 'Zābaki', 'hr': 'Čizma', 'fr': 'Tricot', 'hu': 'Kötés', 'sk': 'Čižma', 'sl': 'Pletenje', 'ga': 'Cniotáil', 'ca': 'Punt de mitja', 'sv': 'Stövlar', 'el': 'Μπότες', 'en': 'Knitting', 'it': 'Cilindro', 'es': 'Bota', 'et': 'Silmuskudumine', 'cs': 'Cylindr', 'eu': 'Puntu', 'pl': 'Cylinder', 'da': 'Strikning', 'ro': 'Joben', 'nl': 'Laars'}",,"{'de': '""Alpenkräuter-Magenbitter""\n""Aushilfe""\n""Der offenherzige Conducteur""\n""Illustrationen zu deutschen Classikern""'}"
/2059218/data_sounds_IT_DDS0000090954000800,http://data.europeana.eu/item/2059218/data_sounds_IT_DDS0000090954000800,SOUND,,Italy,,Hommage a Edith Piaf,"Poulenc, Francis <1899-1963>",it,http://rightsstatements.org/vocab/InC/1.0/,Internet Culturale,2059218_Ag_EU_eSOUNDS_1016_ICCU,http://data.europeana.eu/concept/soundgenres/Music,"{'de': 'Musik', 'en': 'Music', 'it': 'Musica', 'pl': 'Muzyka', 'fr': 'Musique', 'es': 'Música'}",,"{'def': 'Hommage a Edith Piaf', 'it': 'Hommage a Edith Piaf'}"
